Feature,Importance
ssc_p,0.27316716
degree_p,0.1872253
workex_Yes,0.14121446
specialisation_Tech,0.108642206
hsc_p,0.08948364
mba_p,0.07836412
gender_M,0.06920567
etest_p,0.05269748
